{
    "result": {
        "0": 0,
        "10": 22.55189682986285,
        "20": 23.92225980758667,
        "30": 24.541682552646947,
        "40": 24.914083545272415,
        "50": 25.1894888362369,
        "60": 25.407615481196224,
        "70": 25.583739151825775,
        "80": 25.743294019956846,
        "90": 25.859351802516628,
        "100": 25.94769394075548
    },
    "name": "/data/hmjung/result240518/240518_treasure_vec_wire_encX",
    "depth": 8,
    "width": 256,
    "LF_mode": "vec",
    "datadir": "/data/hmjung/data_backup/NeuLF/dataset/stanford_half/treasure",
    "lr": 4e-05,
    "dataset_name": "treasure"
}