{
    "result": {
        "0": 0,
        "10": 27.668622313319027,
        "20": 30.17725235707051,
        "30": 31.46507740020752,
        "40": 32.18825965314298,
        "50": 32.766908697179844,
        "60": 33.200891984475625,
        "70": 33.579065928588044,
        "80": 33.876445293426514,
        "90": 34.087326655516755,
        "100": 34.21790116542095
    },
    "name": "/data/hmjung/result240518/240518_knights_uvxy_relu_encX",
    "depth": 8,
    "width": 256,
    "LF_mode": "uvxy",
    "datadir": "/data/hmjung/data_backup/NeuLF/dataset/stanford_half/knights",
    "lr": 4e-05,
    "dataset_name": "knights"
}