{
    "result": {
        "0": 0,
        "1": 12.780977519782814,
        "2": 17.265688760860545,
        "3": 19.055330044514424,
        "4": 19.819358683921195,
        "5": 20.193847256737786,
        "6": 20.446018786043734,
        "7": 20.6347880170152,
        "8": 20.78488742983019,
        "9": 20.922985592403926,
        "10": 21.0666223474451,
        "11": 21.205722254675788,
        "12": 21.30902863837577,
        "13": 21.37820160066759,
        "14": 21.4457943632796,
        "15": 21.5275687784762,
        "16": 21.66008627092516,
        "17": 21.828327178955078,
        "18": 21.95834578694524,
        "19": 22.08539344168998,
        "20": 22.198522864161312,
        "21": 22.31776630556261,
        "22": 22.42281269382786,
        "23": 22.540343709894127,
        "24": 22.646402152808935,
        "25": 22.74782103461188,
        "26": 22.841480487101787,
        "27": 22.926761588534795,
        "28": 23.026103006826865,
        "29": 23.109192590455752,
        "30": 23.192980353896683,
        "31": 23.26703825512448,
        "32": 23.336119458482074,
        "33": 23.394441669051712,
        "34": 23.446279538644326,
        "35": 23.483863134641904,
        "36": 23.521124092308252,
        "37": 23.557053772178858,
        "38": 23.598270287384857,
        "39": 23.640876009657575,
        "40": 23.687809866827887,
        "41": 23.734310446558773,
        "42": 23.77904885524028,
        "43": 23.813868664406442,
        "44": 23.848321437835693,
        "45": 23.878373519794362,
        "46": 23.90144277263332,
        "47": 23.92413074905808,
        "48": 23.94102921357026,
        "49": 23.95431441229743,
        "50": 23.969684935904837,
        "51": 23.99681658358187,
        "52": 24.02219450151598,
        "53": 24.04585857649107,
        "54": 24.06880894222775,
        "55": 24.09087219753781,
        "56": 24.113122708088643,
        "57": 24.141423122302907,
        "58": 24.167109115703685,
        "59": 24.197740103747392,
        "60": 24.22614658201063,
        "61": 24.25455769977054,
        "62": 24.28313687040999,
        "63": 24.309656942212904,
        "64": 24.337475428710114,
        "65": 24.36380760089771,
        "66": 24.39069638381133,
        "67": 24.418007940859408,
        "68": 24.445167683266305,
        "69": 24.47274349831246,
        "70": 24.49829675055839,
        "71": 24.523795682030755,
        "72": 24.54961615639764,
        "73": 24.574177394042145,
        "74": 24.597810539039404,
        "75": 24.619556311014538,
        "76": 24.64061421317023,
        "77": 24.66027034295572,
        "78": 24.678866412188555,
        "79": 24.696098276086754,
        "80": 24.71251887244147,
        "81": 24.728450452959216,
        "82": 24.743863763035954,
        "83": 24.75871060345624,
        "84": 24.773025254945498,
        "85": 24.78686236046456,
        "86": 24.80030227351833,
        "87": 24.813321152248896,
        "88": 24.826074419794857,
        "89": 24.838389963717074,
        "90": 24.85041089960047,
        "91": 24.86225682335931,
        "92": 24.87346043457856,
        "93": 24.884872049898714,
        "94": 24.8956704784084,
        "95": 24.906572973405993,
        "96": 24.917283380353773,
        "97": 24.927698470450736,
        "98": 24.938087270066546,
        "99": 24.948087511835872,
        "100": 24.95780712849385
    },
    "name": "/data/hmjung/result240518_test_2/240518_test_2_knights_vec_freq_with_wire_d8w128",
    "depth": 8,
    "width": 128,
    "LF_mode": "vec",
    "datadir": "/data/hmjung/data_backup/NeuLF/dataset/stanford_half/knights",
    "lr": 4e-05,
    "dataset_name": "knights"
}