{
    "result": {
        "0": 0,
        "1": 14.032873301892668,
        "2": 18.315589685697812,
        "3": 23.14578765147441,
        "4": 25.055426584707725,
        "5": 25.687498595263506,
        "6": 26.09043250212798,
        "7": 26.373602184089453,
        "8": 26.594050188322324,
        "9": 26.850910380079938,
        "10": 27.077744329297865,
        "11": 27.271085429835964,
        "12": 27.397173095393825,
        "13": 27.492311645198512,
        "14": 27.58990642186758,
        "15": 27.66238631428899,
        "16": 27.718856850185908,
        "17": 27.81253685822358,
        "18": 27.93193514282639,
        "19": 28.03570154550913,
        "20": 28.14028939685306,
        "21": 28.245801539034456,
        "22": 28.340181531132878,
        "23": 28.42683772783022,
        "24": 28.49527913170892,
        "25": 28.560019634865426,
        "26": 28.649052284859323,
        "27": 28.706694486978893,
        "28": 28.750549844793373,
        "29": 28.805625889752363,
        "30": 28.845678922292347,
        "31": 28.88124285517512,
        "32": 28.921151676693476,
        "33": 28.97038292240452,
        "34": 29.00083451657682,
        "35": 29.03957766455573,
        "36": 29.09005474399876,
        "37": 29.127475506550557,
        "38": 29.163848838290654,
        "39": 29.20902922346785,
        "40": 29.244887635514544,
        "41": 29.282193506086195,
        "42": 29.321470776119746,
        "43": 29.367193853532946,
        "44": 29.40608275903238,
        "45": 29.440073902542526,
        "46": 29.480090076858932,
        "47": 29.517586682293867,
        "48": 29.560436880266344,
        "49": 29.59538749746374,
        "50": 29.633929020649678,
        "51": 29.67207367355759,
        "52": 29.701412239590205,
        "53": 29.727514563380062,
        "54": 29.755059706198203,
        "55": 29.780033150234736,
        "56": 29.80773777575106,
        "57": 29.83410358428955,
        "58": 29.86197381406217,
        "59": 29.8859944214692,
        "60": 29.907070817174137,
        "61": 29.924962133974642,
        "62": 29.949840403891898,
        "63": 29.97221598754058,
        "64": 30.00034796225058,
        "65": 30.025125129802806,
        "66": 30.05020895519772,
        "67": 30.074984382938695,
        "68": 30.095627114579486,
        "69": 30.119384688300055,
        "70": 30.14284172573605,
        "71": 30.164987912049163,
        "72": 30.187289585938323,
        "73": 30.20686806859197,
        "74": 30.227773447294492,
        "75": 30.247581649470973,
        "76": 30.26787564561174,
        "77": 30.28686826293533,
        "78": 30.304564849750417,
        "79": 30.32335191159635,
        "80": 30.340825802571064,
        "81": 30.35789289989987,
        "82": 30.37404698294562,
        "83": 30.38957151206764,
        "84": 30.403879139874434,
        "85": 30.417983918576628,
        "86": 30.43260954521798,
        "87": 30.44680898253982,
        "88": 30.460112868128597,
        "89": 30.473193026877738,
        "90": 30.485839908187454,
        "91": 30.498251012853675,
        "92": 30.51034450531006,
        "93": 30.522713983381117,
        "94": 30.535137008976292,
        "95": 30.547792138280094,
        "96": 30.559743997213,
        "97": 30.57132643622321,
        "98": 30.5822043805509,
        "99": 30.593141736211003,
        "100": 30.603404431729704
    },
    "name": "/data/hmjung/result240518_test_2/240518_test_2_gem_vec_freq_with_relu_d8w128",
    "depth": 8,
    "width": 128,
    "LF_mode": "vec",
    "datadir": "/data/hmjung/data_backup/NeuLF/dataset/stanford_half/gem",
    "lr": 4e-05,
    "dataset_name": "gem"
}