{
    "result": {
        "0": 0,
        "10": 26.883711170505833,
        "20": 28.336127770913613,
        "30": 29.47217052047317,
        "40": 30.22033910493593,
        "50": 30.77700221860731,
        "60": 31.164660196046572,
        "70": 31.478478521914095,
        "80": 31.713724909601986,
        "90": 31.905144549704886,
        "100": 32.075432442330026
    },
    "name": "/data/hmjung/result240518/240518_gem_uvxy_wire_encX",
    "depth": 8,
    "width": 256,
    "LF_mode": "uvxy",
    "datadir": "/data/hmjung/data_backup/NeuLF/dataset/stanford_half/gem",
    "lr": 4e-05,
    "dataset_name": "gem"
}