{
    "result": {
        "0": 0,
        "10": 24.459023668959333,
        "20": 26.97554465886709,
        "30": 28.68469386487394,
        "40": 29.700638410207386,
        "50": 30.551675590308935,
        "60": 30.98816156387329,
        "70": 31.425692068563926,
        "80": 31.740327654658138,
        "90": 31.97270799327541,
        "100": 32.15921131340233
    },
    "name": "/data/hmjung/result240518_test_2/240518_test_2_knights_vec_freq_and_sh_with_wire",
    "depth": 8,
    "width": 256,
    "LF_mode": "vec",
    "datadir": "/data/hmjung/data_backup/NeuLF/dataset/stanford_half/knights",
    "lr": 4e-05,
    "dataset_name": "knights"
}