{
    "result": {
        "0": 0,
        "10": 23.897534512184762,
        "20": 25.243663916716706,
        "30": 25.788955624039108,
        "40": 26.20104680190215,
        "50": 26.484254888586097,
        "60": 26.649218056652998,
        "70": 26.773883587605244,
        "80": 26.884518120739912,
        "90": 26.96563437178328,
        "100": 27.035417750075055
    },
    "name": "/data/hmjung/result240518_test_2/240518_test_2_gem_vec_wire_encX_d8w128",
    "depth": 8,
    "width": 128,
    "LF_mode": "vec",
    "datadir": "/data/hmjung/data_backup/NeuLF/dataset/stanford_half/gem",
    "lr": 4e-05,
    "dataset_name": "gem"
}