{
    "result": {
        "0": 0,
        "1": 12.640458474288115,
        "2": 17.72951883238715,
        "3": 19.718634405651606,
        "4": 20.07014909306088,
        "5": 20.243853395049637,
        "6": 20.581113905520052,
        "7": 21.065785949294632,
        "8": 21.68946137299409,
        "9": 22.281302568074818,
        "10": 22.669120994774072,
        "11": 22.933566312532168,
        "12": 23.302518677067113,
        "13": 23.82769404230891,
        "14": 24.36455127355215,
        "15": 24.83483359620378,
        "16": 25.293562476699417,
        "17": 25.673370554640485,
        "18": 26.020581335634798,
        "19": 26.301151932896794,
        "20": 26.556758880615234,
        "21": 26.761066011480384,
        "22": 26.94231935449549,
        "23": 27.08832412152677,
        "24": 27.204755963505924,
        "25": 27.32065961167619,
        "26": 27.425005564818512,
        "27": 27.520515660981875,
        "28": 27.60515863830979,
        "29": 27.700988537556416,
        "30": 27.79502417590167,
        "31": 27.886813202419795,
        "32": 27.984026638237207,
        "33": 28.088655729551572,
        "34": 28.18297966106518,
        "35": 28.28309168686738,
        "36": 28.36417919880635,
        "37": 28.44510703473478,
        "38": 28.51264463888632,
        "39": 28.58492632169981,
        "40": 28.659763593931455,
        "41": 28.736890586646826,
        "42": 28.814387385909622,
        "43": 28.884686586019154,
        "44": 28.95590505084476,
        "45": 29.02403805706952,
        "46": 29.091280086620433,
        "47": 29.15458395674422,
        "48": 29.21497931351533,
        "49": 29.27176739718463,
        "50": 29.322544948474782,
        "51": 29.372475147247314,
        "52": 29.422329696449072,
        "53": 29.469425807128083,
        "54": 29.51481400309382,
        "55": 29.554684742076976,
        "56": 29.595827991897995,
        "57": 29.637578822471,
        "58": 29.67909426302523,
        "59": 29.71920213183841,
        "60": 29.760900188136745,
        "61": 29.806968392552555,
        "62": 29.854953160157073,
        "63": 29.90458920195296,
        "64": 29.955435508006328,
        "65": 30.002609910191715,
        "66": 30.047539053736507,
        "67": 30.089079753772634,
        "68": 30.126497423326647,
        "69": 30.16279781186903,
        "70": 30.19673218598237,
        "71": 30.228585230337607,
        "72": 30.260214225665944,
        "73": 30.29111469114149,
        "74": 30.32050235851391,
        "75": 30.348775064623034,
        "76": 30.374475492013467,
        "77": 30.398563887621904,
        "78": 30.42198877076845,
        "79": 30.443954983273066,
        "80": 30.46523397033279,
        "81": 30.48570156097412,
        "82": 30.506276568850957,
        "83": 30.526960540462184,
        "84": 30.547793942528802,
        "85": 30.568532299351048,
        "86": 30.589775008124274,
        "87": 30.61136902989568,
        "88": 30.632903189272493,
        "89": 30.65433257334941,
        "90": 30.67533589698173,
        "91": 30.69590542767499,
        "92": 30.716130089115453,
        "93": 30.73580129726513,
        "94": 30.754839278556204,
        "95": 30.77270540031227,
        "96": 30.79017078554308,
        "97": 30.806883992375553,
        "98": 30.823301237982673,
        "99": 30.838997621794004,
        "100": 30.854075857110924
    },
    "name": "/data/hmjung/result240518_test_2/240518_test_2_knights_vec_freq_with_wire_eval_interval_1",
    "depth": 8,
    "width": 256,
    "LF_mode": "vec",
    "datadir": "/data/hmjung/data_backup/NeuLF/dataset/stanford_half/knights",
    "lr": 4e-05,
    "dataset_name": "knights"
}