{
    "result": {
        "0": 0,
        "1": 14.42255432541306,
        "2": 16.324621438980103,
        "3": 19.377536419275646,
        "4": 21.35657716441799,
        "5": 22.073202713115794,
        "6": 22.59185894115551,
        "7": 22.832496488416517,
        "8": 23.00157250584783,
        "9": 23.25105009852229,
        "10": 23.441742819708747,
        "11": 23.62808098664155,
        "12": 23.750788778872103,
        "13": 23.932585651810104,
        "14": 23.99613180676022,
        "15": 24.076907248110384,
        "16": 24.16751732697358,
        "17": 24.260182831738447,
        "18": 24.355576747172588,
        "19": 24.440891356081575,
        "20": 24.54870655729964,
        "21": 24.630818882504023,
        "22": 24.713909046069997,
        "23": 24.78254640424574,
        "24": 24.84717098442284,
        "25": 24.900368806478138,
        "26": 24.943232149691195,
        "27": 24.98305333627237,
        "28": 25.02315224827947,
        "29": 25.046658515930176,
        "30": 25.083291595046585,
        "31": 25.12410035004487,
        "32": 25.16511601370734,
        "33": 25.202533038886816,
        "34": 25.246512374362432,
        "35": 25.283866637461895,
        "36": 25.32042664450568,
        "37": 25.35371194014678,
        "38": 25.38599884187853,
        "39": 25.41547259768924,
        "40": 25.443840800104915,
        "41": 25.46698589582701,
        "42": 25.489741467140817,
        "43": 25.514576821713835,
        "44": 25.542089423617803,
        "45": 25.564000413224505,
        "46": 25.58517971554318,
        "47": 25.60614386120358,
        "48": 25.626159874168604,
        "49": 25.6424059738984,
        "50": 25.653878031550228,
        "51": 25.679869845106793,
        "52": 25.697140371477282,
        "53": 25.719561512405807,
        "54": 25.740141933028763,
        "55": 25.75754958230096,
        "56": 25.777379048837197,
        "57": 25.797101935824834,
        "58": 25.812637354876543,
        "59": 25.830415455070703,
        "60": 25.847103402421283,
        "61": 25.85971091244672,
        "62": 25.873951331989186,
        "63": 25.888333964992214,
        "64": 25.904545590684222,
        "65": 25.92144772813127,
        "66": 25.938771995338232,
        "67": 25.954757252255,
        "68": 25.970767382028942,
        "69": 25.988880750295277,
        "70": 26.005058932948756,
        "71": 26.020891473099994,
        "72": 26.035497059693206,
        "73": 26.051535026447194,
        "74": 26.0661438349131,
        "75": 26.079428324828278,
        "76": 26.091067404360384,
        "77": 26.102339190405768,
        "78": 26.113612200762773,
        "79": 26.12419218630404,
        "80": 26.134372208569502,
        "81": 26.144424515801507,
        "82": 26.154119839539398,
        "83": 26.163960791922904,
        "84": 26.174184373907142,
        "85": 26.18511187063681,
        "86": 26.19658528147517,
        "87": 26.207509298582334,
        "88": 26.218344327565784,
        "89": 26.228924184232145,
        "90": 26.23861937909513,
        "91": 26.248667820079906,
        "92": 26.25823587984652,
        "93": 26.267902593354922,
        "94": 26.277456283569336,
        "95": 26.28652372875729,
        "96": 26.29527523710921,
        "97": 26.304105745779502,
        "98": 26.312639197787725,
        "99": 26.321406879940547,
        "100": 26.32996771786664
    },
    "name": "/data/hmjung/result240518_test_2/240518_test_2_treasure_vec_relu_encX_d8w128",
    "depth": 8,
    "width": 128,
    "LF_mode": "vec",
    "datadir": "/data/hmjung/data_backup/NeuLF/dataset/stanford_half/treasure",
    "lr": 4e-05,
    "dataset_name": "treasure"
}