{
    "result": {
        "0": 0,
        "1": 12.315934767594209,
        "2": 16.696217768901104,
        "3": 19.505773106136836,
        "4": 20.50506063409754,
        "5": 21.241623839816533,
        "6": 22.032730643813675,
        "7": 22.446917907611745,
        "8": 22.727159422797126,
        "9": 23.045712677208154,
        "10": 23.288825524819863,
        "11": 23.626295553671348,
        "12": 23.804992147394127,
        "13": 23.993819662042565,
        "14": 24.231245195543444,
        "15": 24.446721141402787,
        "16": 24.620377759675723,
        "17": 24.76669388848382,
        "18": 24.93532399873476,
        "19": 25.067459183770257,
        "20": 25.206296766126478,
        "21": 25.32126233384416,
        "22": 25.428663911046208,
        "23": 25.52758062208021,
        "24": 25.63275008588224,
        "25": 25.708437545879466,
        "26": 25.781600926373457,
        "27": 25.832438919995283,
        "28": 25.914207278071224,
        "29": 25.970312453605032,
        "30": 26.037676141068744,
        "31": 26.114064293938714,
        "32": 26.17807839367841,
        "33": 26.232999144373714,
        "34": 26.281576027741302,
        "35": 26.33727112331906,
        "36": 26.387630282221615,
        "37": 26.445317848308665,
        "38": 26.506416733200485,
        "39": 26.542502738334036,
        "40": 26.59025984841424,
        "41": 26.630197924536628,
        "42": 26.686674710866566,
        "43": 26.726984913284713,
        "44": 26.77855059907243,
        "45": 26.819301682549554,
        "46": 26.85535849751653,
        "47": 26.89216117601137,
        "48": 26.923398584932894,
        "49": 26.950598600748425,
        "50": 26.98200290267532,
        "51": 27.014496004259264,
        "52": 27.046339962933516,
        "53": 27.073443064818512,
        "54": 27.104124829575824,
        "55": 27.13057769311441,
        "56": 27.162953776282233,
        "57": 27.191321849822998,
        "58": 27.2168484894005,
        "59": 27.245092907467402,
        "60": 27.273142208924163,
        "61": 27.296747130316657,
        "62": 27.323555946350098,
        "63": 27.3504647048744,
        "64": 27.37230023822269,
        "65": 27.397864122648496,
        "66": 27.42011798394693,
        "67": 27.443814922023464,
        "68": 27.466811167227256,
        "69": 27.49105118416451,
        "70": 27.513454862543053,
        "71": 27.535462830517744,
        "72": 27.555005937009245,
        "73": 27.574261265832025,
        "74": 27.591690243901432,
        "75": 27.611310933087324,
        "76": 27.62971781395577,
        "77": 27.6485174411052,
        "78": 27.66721635251432,
        "79": 27.685058825724834,
        "80": 27.7019147615175,
        "81": 27.719538147385055,
        "82": 27.737205930658288,
        "83": 27.752661060642552,
        "84": 27.768517378214245,
        "85": 27.782262015987087,
        "86": 27.796723455996126,
        "87": 27.810201902647275,
        "88": 27.82244347237252,
        "89": 27.835182048179007,
        "90": 27.84767891909625,
        "91": 27.859392166137695,
        "92": 27.871273723808496,
        "93": 27.88273063865868,
        "94": 27.894140578605032,
        "95": 27.9057899036923,
        "96": 27.91740133955672,
        "97": 27.928163425342458,
        "98": 27.938884851094837,
        "99": 27.94953578227275,
        "100": 27.960051008172936
    },
    "name": "/data/hmjung/result240518_test_2/240518_test_2_knights_vec_relu_encX_d8w128",
    "depth": 8,
    "width": 128,
    "LF_mode": "vec",
    "datadir": "/data/hmjung/data_backup/NeuLF/dataset/stanford_half/knights",
    "lr": 4e-05,
    "dataset_name": "knights"
}