{
    "result": {
        "0": 0,
        "1": 11.445320458025545,
        "2": 16.118301475370252,
        "3": 19.686649103422422,
        "4": 22.123476621266956,
        "5": 23.4651594548612,
        "6": 23.958020016953753,
        "7": 24.4022671596424,
        "8": 24.701391039667904,
        "9": 25.11704670416342,
        "10": 25.57046767827627,
        "11": 25.93331633387385,
        "12": 26.159619189597464,
        "13": 26.496548266024202,
        "14": 26.691426135398245,
        "15": 26.94512972960601,
        "16": 27.162336723224538,
        "17": 27.306530668928815,
        "18": 27.466718699481035,
        "19": 27.65951053516285,
        "20": 27.94279008298307,
        "21": 28.165682328713906,
        "22": 28.270612085187757,
        "23": 28.508412258045094,
        "24": 28.5591180260117,
        "25": 28.71056369833044,
        "26": 28.771754084406673,
        "27": 28.844160775880557,
        "28": 28.948219337978877,
        "29": 29.063555807680697,
        "30": 29.134721433794176,
        "31": 29.269019333091943,
        "32": 29.377709788245124,
        "33": 29.492854041022223,
        "34": 29.57254306690113,
        "35": 29.713733711758174,
        "36": 29.825042002909893,
        "37": 29.943560974017995,
        "38": 30.06877982938612,
        "39": 30.238618464083284,
        "40": 30.382463158787907,
        "41": 30.527781602498646,
        "42": 30.635266304016113,
        "43": 30.717596363376927,
        "44": 30.79507943746206,
        "45": 30.870169175637734,
        "46": 30.950776628545814,
        "47": 31.00908408293853,
        "48": 31.068311897484033,
        "49": 31.133067801192,
        "50": 31.19588175335446,
        "51": 31.25830785648243,
        "52": 31.306983715779072,
        "53": 31.361495868579762,
        "54": 31.414502569147057,
        "55": 31.469167245400918,
        "56": 31.520837642051077,
        "57": 31.572731056728877,
        "58": 31.62345383618329,
        "59": 31.67011041898985,
        "60": 31.712218812994056,
        "61": 31.752902623769398,
        "62": 31.795400606619346,
        "63": 31.830858668765508,
        "64": 31.868501998282767,
        "65": 31.904939251977044,
        "66": 31.93919278479911,
        "67": 31.97260875959654,
        "68": 32.00262952495266,
        "69": 32.0294824162045,
        "70": 32.05725302567353,
        "71": 32.08267940057291,
        "72": 32.10606349481119,
        "73": 32.12716038162644,
        "74": 32.14907246666986,
        "75": 32.170883835972965,
        "76": 32.19430697930826,
        "77": 32.2176084002933,
        "78": 32.23922806817132,
        "79": 32.26040537292893,
        "80": 32.282413405341075,
        "81": 32.30300787332896,
        "82": 32.32269493309227,
        "83": 32.34301837714943,
        "84": 32.363810539245605,
        "85": 32.38459741747057,
        "86": 32.405821310507285,
        "87": 32.42685485530544,
        "88": 32.44696758888863,
        "89": 32.46688359492534,
        "90": 32.485447123244,
        "91": 32.50407824645171,
        "92": 32.52180479668282,
        "93": 32.53931960544071,
        "94": 32.55620537577449,
        "95": 32.57228232718803,
        "96": 32.58907350333961,
        "97": 32.60549712825466,
        "98": 32.621678790530645,
        "99": 32.63731614963429,
        "100": 32.653244508279336
    },
    "name": "/data/hmjung/result240518_test_2/240518_test_2_knights_vec_relu_encX_eval_interval_1",
    "depth": 8,
    "width": 256,
    "LF_mode": "vec",
    "datadir": "/data/hmjung/data_backup/NeuLF/dataset/stanford_half/knights",
    "lr": 4e-05,
    "dataset_name": "knights"
}