{
    "result": {
        "0": 0,
        "10": 22.151541581024993,
        "20": 23.775287576623864,
        "30": 25.541142193046777,
        "40": 26.678353386956292,
        "50": 27.395109421498066,
        "60": 27.858607704574997,
        "70": 28.221051306337923,
        "80": 28.523488302488584,
        "90": 28.78407246357686,
        "100": 28.978435735444766
    },
    "name": "/data/hmjung/result240518/240518_knights_uvxy_wire_encX",
    "depth": 8,
    "width": 256,
    "LF_mode": "uvxy",
    "datadir": "/data/hmjung/data_backup/NeuLF/dataset/stanford_half/knights",
    "lr": 4e-05,
    "dataset_name": "knights"
}