{
    "result": {
        "0": 0,
        "1": 12.862449948852127,
        "2": 19.121344025070602,
        "3": 23.328687564746755,
        "4": 24.804436322805042,
        "5": 26.085738298055286,
        "6": 26.79824165395788,
        "7": 27.656468056343698,
        "8": 28.325833952104723,
        "9": 28.733381773974443,
        "10": 29.298173414694297,
        "11": 29.58666453490386,
        "12": 30.03000227180687,
        "13": 30.17554747091757,
        "14": 30.308104785712988,
        "15": 30.24509739231419,
        "16": 30.341502782460804,
        "17": 30.668849365131276,
        "18": 30.868183084436364,
        "19": 31.078229079375397,
        "20": 31.303631743869268,
        "21": 31.537164481910498,
        "22": 31.625818110801077,
        "23": 31.750499042304785,
        "24": 32.01558531941594,
        "25": 32.12949714145145,
        "26": 32.2942430264241,
        "27": 32.50553034447335,
        "28": 32.60950546006899,
        "29": 32.68220598633225,
        "30": 32.730950407079746,
        "31": 32.829267463168584,
        "32": 32.902135526811755,
        "33": 32.992988277126,
        "34": 33.06399848010089,
        "35": 33.17461548624812,
        "36": 33.278181617324414,
        "37": 33.3394666620203,
        "38": 33.35611562471132,
        "39": 33.43569478473148,
        "40": 33.53463720630955,
        "41": 33.5900472950291,
        "42": 33.65251856881219,
        "43": 33.717409017923714,
        "44": 33.76231038892591,
        "45": 33.79385735537555,
        "46": 33.85462445181769,
        "47": 33.91988129229159,
        "48": 33.96880368928652,
        "49": 34.028913845887054,
        "50": 34.106356646563555,
        "51": 34.177008448420345,
        "52": 34.250130911131166,
        "53": 34.32706910210687,
        "54": 34.40434668515179,
        "55": 34.468475032497096,
        "56": 34.53909004056776,
        "57": 34.60426781628583,
        "58": 34.669175341322614,
        "59": 34.727038692783665,
        "60": 34.78469236477001,
        "61": 34.83970191027667,
        "62": 34.89440338031666,
        "63": 34.94373708157926,
        "64": 34.99167300559379,
        "65": 35.03872368786786,
        "66": 35.07962587717417,
        "67": 35.11994535858567,
        "68": 35.15835665367745,
        "69": 35.19442023457707,
        "70": 35.22744926246437,
        "71": 35.25509041708869,
        "72": 35.28710681038934,
        "73": 35.315765754596605,
        "74": 35.340874646161055,
        "75": 35.364144621668636,
        "76": 35.388275674871494,
        "77": 35.41591547630929,
        "78": 35.44155700786693,
        "79": 35.46906310158807,
        "80": 35.49663608138626,
        "81": 35.52649949048016,
        "82": 35.55823377660803,
        "83": 35.58856725692749,
        "84": 35.61901588697691,
        "85": 35.649582373129356,
        "86": 35.67904865419543,
        "87": 35.708651413788665,
        "88": 35.738173304377376,
        "89": 35.76577379896834,
        "90": 35.793506325902165,
        "91": 35.820637007017396,
        "92": 35.84656534968196,
        "93": 35.8720563553475,
        "94": 35.896360680863665,
        "95": 35.918761330681875,
        "96": 35.9390461767042,
        "97": 35.95857581576786,
        "98": 35.97847944981343,
        "99": 35.99700708647032,
        "100": 36.01563795192821
    },
    "name": "/data/hmjung/result240518_test_2/240518_test_2_gem_vec_relu_encX_eval_interval_1",
    "depth": 8,
    "width": 256,
    "LF_mode": "vec",
    "datadir": "/data/hmjung/data_backup/NeuLF/dataset/stanford_half/gem",
    "lr": 4e-05,
    "dataset_name": "gem"
}