{
    "result": {
        "0": 0,
        "10": 25.57046767827627,
        "20": 27.94279008298307,
        "30": 29.134721433794176,
        "40": 30.382463158787907,
        "50": 31.19588175335446,
        "60": 31.712218812994056,
        "70": 32.05725302567353,
        "80": 32.282413405341075,
        "90": 32.485447123244,
        "100": 32.653244508279336
    },
    "name": "/data/hmjung/result240518/240518_knights_vec_relu_encX",
    "depth": 8,
    "width": 256,
    "LF_mode": "vec",
    "datadir": "/data/hmjung/data_backup/NeuLF/dataset/stanford_half/knights",
    "lr": 4e-05,
    "dataset_name": "knights"
}