{
    "result": {
        "0": 0,
        "1": 11.083991108713922,
        "2": 17.479483114706504,
        "3": 20.563822050352353,
        "4": 21.211054582853574,
        "5": 21.662333527126826,
        "6": 21.99621477642575,
        "7": 22.458165207424678,
        "8": 22.749926399540257,
        "9": 23.031302529412347,
        "10": 23.214800228943695,
        "11": 23.392198987909264,
        "12": 23.60946558617257,
        "13": 23.770962148099333,
        "14": 23.8701927984083,
        "15": 24.006642264288825,
        "16": 24.141369639216244,
        "17": 24.25810652810174,
        "18": 24.38227498853529,
        "19": 24.500813999691523,
        "20": 24.616144090085417,
        "21": 24.70735736795374,
        "22": 24.809135166374414,
        "23": 24.906726850045693,
        "24": 25.00073478028581,
        "25": 25.0781435579867,
        "26": 25.15202876683828,
        "27": 25.209297747225374,
        "28": 25.257787382280505,
        "29": 25.30917045232412,
        "30": 25.360599208522487,
        "31": 25.41538934449892,
        "32": 25.462819885563206,
        "33": 25.515141422684128,
        "34": 25.55652599076967,
        "35": 25.600406092566413,
        "36": 25.6428980182957,
        "37": 25.693974559371537,
        "38": 25.743454791404105,
        "39": 25.78955212154904,
        "40": 25.838024809553815,
        "41": 25.889408072909795,
        "42": 25.93814875628497,
        "43": 25.986338370555156,
        "44": 26.03106028324849,
        "45": 26.069604641682393,
        "46": 26.108151126552272,
        "47": 26.138373838888633,
        "48": 26.168467225255192,
        "49": 26.191291293582402,
        "50": 26.21503192025262,
        "51": 26.23746884835733,
        "52": 26.256933598904997,
        "53": 26.276640956466263,
        "54": 26.306461643528294,
        "55": 26.339693713832546,
        "56": 26.373568869925833,
        "57": 26.409526064589215,
        "58": 26.445312951062178,
        "59": 26.480104987685745,
        "60": 26.522684226164948,
        "61": 26.557436118254792,
        "62": 26.590453289650583,
        "63": 26.621374503986257,
        "64": 26.6477776218105,
        "65": 26.673405750377757,
        "66": 26.695887526950322,
        "67": 26.71823894655382,
        "68": 26.738852423590583,
        "69": 26.760068713007747,
        "70": 26.779836835087956,
        "71": 26.800638276177484,
        "72": 26.819565618360365,
        "73": 26.83765205177101,
        "74": 26.855465528127308,
        "75": 26.871967573423643,
        "76": 26.888511503064954,
        "77": 26.90655005944742,
        "78": 26.923458060702764,
        "79": 26.939573739026045,
        "80": 26.955814168259906,
        "81": 26.971605855065423,
        "82": 26.986869541374414,
        "83": 27.001998746717298,
        "84": 27.016353736052643,
        "85": 27.03041953009528,
        "86": 27.04282502870302,
        "87": 27.05451623813526,
        "88": 27.065264792055697,
        "89": 27.074888010282773,
        "90": 27.083906160818565,
        "91": 27.09232014578742,
        "92": 27.10159243764104,
        "93": 27.110315464638376,
        "94": 27.119005564096813,
        "95": 27.1281074188851,
        "96": 27.137612716571706,
        "97": 27.147404438740498,
        "98": 27.157108977034284,
        "99": 27.166843672056455,
        "100": 27.176322163762272
    },
    "name": "/data/hmjung/result240518_test_2/240518_test_2_knights_vec_freq_with_relu_d8w128",
    "depth": 8,
    "width": 128,
    "LF_mode": "vec",
    "datadir": "/data/hmjung/data_backup/NeuLF/dataset/stanford_half/knights",
    "lr": 4e-05,
    "dataset_name": "knights"
}