{
    "result": {
        "0": 0,
        "10": 30.488138456602353,
        "20": 33.00056167550989,
        "30": 34.33121578113453,
        "40": 35.36852965483794,
        "50": 36.02857138659503,
        "60": 36.51101892058914,
        "70": 36.90927434611965,
        "80": 37.21122677261765,
        "90": 37.44726567654996,
        "100": 37.63719887346835
    },
    "name": "/data/hmjung/result240518/240518_gem_uvxy_relu_encX",
    "depth": 8,
    "width": 256,
    "LF_mode": "uvxy",
    "datadir": "/data/hmjung/data_backup/NeuLF/dataset/stanford_half/gem",
    "lr": 4e-05,
    "dataset_name": "gem"
}