{
    "result": {
        "0": 0,
        "10": 25.909357973047204,
        "20": 27.788841273333574,
        "30": 28.548666593190784,
        "40": 28.949015076095993,
        "50": 29.432519513207513,
        "60": 29.98509426374693,
        "70": 30.344715505032926,
        "80": 30.570685412432695,
        "90": 30.76141479853037,
        "100": 30.896921866648906
    },
    "name": "/data/hmjung/result240518_test_2/240518_test_2_gem_vec_wire_encX_eval_interval_1",
    "depth": 8,
    "width": 256,
    "LF_mode": "vec",
    "datadir": "/data/hmjung/data_backup/NeuLF/dataset/stanford_half/gem",
    "lr": 4e-05,
    "dataset_name": "gem"
}