{
    "result": {
        "0": 0,
        "10": 19.62469639004888,
        "20": 19.88701362867613,
        "30": 21.041643683974808,
        "40": 21.53395942739538,
        "50": 21.825087843714535,
        "60": 22.103011930311048,
        "70": 22.3071330946845,
        "80": 22.424647163700413,
        "90": 22.530156341758936,
        "100": 22.61099725156217
    },
    "name": "/data/hmjung/result240518_test_2/240518_test_2_knights_vec_wire_encX_d8w128",
    "depth": 8,
    "width": 128,
    "LF_mode": "vec",
    "datadir": "/data/hmjung/data_backup/NeuLF/dataset/stanford_half/knights",
    "lr": 4e-05,
    "dataset_name": "knights"
}