{
    "result": {
        "0": 0,
        "10": 22.308701760060078,
        "20": 23.01090130934844,
        "30": 23.44557813695959,
        "40": 23.652630110044736,
        "50": 23.855767572248304,
        "60": 23.971167126217402,
        "70": 24.08124002250465,
        "80": 24.134963074245967,
        "90": 24.197062479483115,
        "100": 24.25170640687685
    },
    "name": "/data/hmjung/result240518_test_2/240518_test_2_treasure_vec_wire_encX_d8w128",
    "depth": 8,
    "width": 128,
    "LF_mode": "vec",
    "datadir": "/data/hmjung/data_backup/NeuLF/dataset/stanford_half/treasure",
    "lr": 4e-05,
    "dataset_name": "treasure"
}