{
    "result": {
        "0": 0,
        "10": 29.759788384308685,
        "20": 31.989642671636634,
        "30": 33.26446281897055,
        "40": 34.15343561687985,
        "50": 34.82139258771329,
        "60": 35.33707103213749,
        "70": 35.72957096873103,
        "80": 36.008699906838906,
        "90": 36.25689667624396,
        "100": 36.449517301610996
    },
    "name": "/data/hmjung/result240518/240518_gem_vec_freq_with_relu",
    "depth": 8,
    "width": 256,
    "LF_mode": "vec",
    "datadir": "/data/hmjung/data_backup/NeuLF/dataset/stanford_half/gem",
    "lr": 4e-05,
    "dataset_name": "gem"
}