{
    "result": {
        "0": 0,
        "10": 27.45909426663373,
        "20": 29.948221283989984,
        "30": 31.138696477219867,
        "40": 31.93633085972554,
        "50": 32.47450886545955,
        "60": 32.78292166220175,
        "70": 33.02564002372123,
        "80": 33.257113469613564,
        "90": 33.44130773802061,
        "100": 33.56723134582107
    },
    "name": "/data/hmjung/result240518/240518_knights_uvxy_freq_with_relu",
    "depth": 8,
    "width": 256,
    "LF_mode": "uvxy",
    "datadir": "/data/hmjung/data_backup/NeuLF/dataset/stanford_half/knights",
    "lr": 4e-05,
    "dataset_name": "knights"
}