{
    "result": {
        "0": 0,
        "1": 13.995450219592533,
        "2": 21.774181481954212,
        "3": 23.767854007514746,
        "4": 24.455284621264482,
        "5": 25.04330809051926,
        "6": 25.453210650263607,
        "7": 25.95111067230637,
        "8": 26.4181492779706,
        "9": 26.784393143009495,
        "10": 27.1365863568074,
        "11": 27.397492962914544,
        "12": 27.782943635373503,
        "13": 28.05496138495368,
        "14": 28.316121423566663,
        "15": 28.538198793256605,
        "16": 28.752256213007747,
        "17": 28.91193589648685,
        "18": 29.043868167980296,
        "19": 29.167850017547607,
        "20": 29.301138375256514,
        "21": 29.387555573437666,
        "22": 29.49036185805862,
        "23": 29.605860387956774,
        "24": 29.704109140344567,
        "25": 29.83170464232161,
        "26": 29.93136586369695,
        "27": 30.026523358113057,
        "28": 30.10733952393403,
        "29": 30.20457364417411,
        "30": 30.295364921157425,
        "31": 30.384961463309622,
        "32": 30.465443392057676,
        "33": 30.5615817533957,
        "34": 30.656659345369082,
        "35": 30.757422189454775,
        "36": 30.84472810899889,
        "37": 30.922947187681455,
        "38": 30.996497386210674,
        "39": 31.07345639048396,
        "40": 31.148036686149805,
        "41": 31.22336065447008,
        "42": 31.282154482764167,
        "43": 31.347033139821644,
        "44": 31.407225583050703,
        "45": 31.46356859722653,
        "46": 31.51639764373367,
        "47": 31.566266111425453,
        "48": 31.616062215856605,
        "49": 31.662946069562757,
        "50": 31.707833457637477,
        "51": 31.75324040490228,
        "52": 31.795195631078773,
        "53": 31.836566538424105,
        "54": 31.878203830203496,
        "55": 31.91732090872687,
        "56": 31.956996659974795,
        "57": 31.99657511066746,
        "58": 32.0364135020488,
        "59": 32.075263358451224,
        "60": 32.11352618964943,
        "61": 32.15163250227232,
        "62": 32.18896466332513,
        "63": 32.22488010251844,
        "64": 32.25909071999627,
        "65": 32.29203307950819,
        "66": 32.324121900506924,
        "67": 32.354360400019466,
        "68": 32.383190747853874,
        "69": 32.41091302923254,
        "70": 32.43893056302457,
        "71": 32.46608727687114,
        "72": 32.493006280950596,
        "73": 32.51984119415283,
        "74": 32.546247404974864,
        "75": 32.57243549501574,
        "76": 32.59807084057782,
        "77": 32.62254263903644,
        "78": 32.64618093903,
        "79": 32.669132335765944,
        "80": 32.69202657648035,
        "81": 32.71348534403621,
        "82": 32.73439652210957,
        "83": 32.754287397539294,
        "84": 32.77338356585116,
        "85": 32.791563304694925,
        "86": 32.80866017212739,
        "87": 32.824925538655876,
        "88": 32.84049633386973,
        "89": 32.85528775807973,
        "90": 32.869553243791735,
        "91": 32.883572900617445,
        "92": 32.89761736586287,
        "93": 32.911861458340205,
        "94": 32.926371677501784,
        "95": 32.94078891341751,
        "96": 32.95512392714217,
        "97": 32.969072380581416,
        "98": 32.982778871381605,
        "99": 32.996031142569876,
        "100": 33.008719006100215
    },
    "name": "/data/hmjung/result240518_test_2/240518_test_2_gem_vec_freq_with_wire_eval_interval_1",
    "depth": 8,
    "width": 256,
    "LF_mode": "vec",
    "datadir": "/data/hmjung/data_backup/NeuLF/dataset/stanford_half/gem",
    "lr": 4e-05,
    "dataset_name": "gem"
}