{
    "result": {
        "0": 0,
        "1": 14.748809434272147,
        "2": 21.48191741994909,
        "3": 25.196122736544222,
        "4": 26.840634023821032,
        "5": 27.77346894547746,
        "6": 28.414060876176165,
        "7": 28.963945040831696,
        "8": 29.24923020440179,
        "9": 29.56829225694811,
        "10": 29.759788384308685,
        "11": 30.07744209186451,
        "12": 30.437503312085127,
        "13": 30.66481113433838,
        "14": 30.907244037937474,
        "15": 31.087594161162507,
        "16": 31.261046963769036,
        "17": 31.502362199731774,
        "18": 31.667215244190114,
        "19": 31.790851644567542,
        "20": 31.989642671636634,
        "21": 32.13867760993339,
        "22": 32.271995222246325,
        "23": 32.3645754762598,
        "24": 32.467724181510306,
        "25": 32.605318314320336,
        "26": 32.73334735148662,
        "27": 32.85681685885868,
        "28": 33.00998011150875,
        "29": 33.14730090063971,
        "30": 33.26446281897055,
        "31": 33.37693755691116,
        "32": 33.478671280113424,
        "33": 33.56048010491036,
        "34": 33.652883349238216,
        "35": 33.72489896980492,
        "36": 33.808099192542,
        "37": 33.8977414852864,
        "38": 33.98151674786129,
        "39": 34.068068813633275,
        "40": 34.15343561687985,
        "41": 34.227007595268454,
        "42": 34.314789127659154,
        "43": 34.39323973011326,
        "44": 34.460264992069554,
        "45": 34.5176152280859,
        "46": 34.58570866971402,
        "47": 34.64635765230334,
        "48": 34.70287780503969,
        "49": 34.76051491660041,
        "50": 34.82139258771329,
        "51": 34.88421846080471,
        "52": 34.93894680126293,
        "53": 34.994399612014355,
        "54": 35.0447949203285,
        "55": 35.09585367666708,
        "56": 35.146209613696946,
        "57": 35.196462901862894,
        "58": 35.242602696289886,
        "59": 35.29006030108478,
        "60": 35.33707103213749,
        "61": 35.37819611059653,
        "62": 35.41982083707242,
        "63": 35.4638528179478,
        "64": 35.506142152322305,
        "65": 35.547662103498304,
        "66": 35.58777867136775,
        "67": 35.628215364507724,
        "68": 35.66276131449519,
        "69": 35.69693836005958,
        "70": 35.72957096873103,
        "71": 35.76152936832325,
        "72": 35.79045663008819,
        "73": 35.819347871316445,
        "74": 35.84683862892357,
        "75": 35.87423376134924,
        "76": 35.903443710224046,
        "77": 35.93101958970766,
        "78": 35.95732676016318,
        "79": 35.98307396914508,
        "80": 36.008699906838906,
        "81": 36.034488484666156,
        "82": 36.060452783429945,
        "83": 36.08625843718245,
        "84": 36.111767098710345,
        "85": 36.137075553069245,
        "86": 36.16191058545499,
        "87": 36.1868311907794,
        "88": 36.2107304624609,
        "89": 36.23445143570771,
        "90": 36.25689667624396,
        "91": 36.27913165736843,
        "92": 36.30070331934336,
        "93": 36.32159748592892,
        "94": 36.341615045392835,
        "95": 36.36082681449684,
        "96": 36.379469987508415,
        "97": 36.39772131636336,
        "98": 36.415194369651175,
        "99": 36.43240748225032,
        "100": 36.449517301610996
    },
    "name": "/data/hmjung/result240518_test_2/240518_test_2_gem_vec_freq_with_relu_eval_interval_1",
    "depth": 8,
    "width": 256,
    "LF_mode": "vec",
    "datadir": "/data/hmjung/data_backup/NeuLF/dataset/stanford_half/gem",
    "lr": 4e-05,
    "dataset_name": "gem"
}