{
    "result": {
        "0": 0,
        "10": 27.1365863568074,
        "20": 29.301138375256514,
        "30": 30.295364921157425,
        "40": 31.148036686149805,
        "50": 31.707833457637477,
        "60": 32.11352618964943,
        "70": 32.43893056302457,
        "80": 32.69202657648035,
        "90": 32.869553243791735,
        "100": 33.008719006100215
    },
    "name": "/data/hmjung/result240518/240518_gem_vec_freq_with_wire",
    "depth": 8,
    "width": 256,
    "LF_mode": "vec",
    "datadir": "/data/hmjung/data_backup/NeuLF/dataset/stanford_half/gem",
    "lr": 4e-05,
    "dataset_name": "gem"
}