{
    "result": {
        "0": 0,
        "1": 13.565837338164046,
        "2": 19.306489519170814,
        "3": 22.112152963071257,
        "4": 22.950019449801058,
        "5": 23.633094800485146,
        "6": 24.408796800149453,
        "7": 24.9535279016237,
        "8": 25.413225019300306,
        "9": 25.772201886048187,
        "10": 26.165355411735742,
        "11": 26.38753130629256,
        "12": 26.605444147780133,
        "13": 26.790262170740075,
        "14": 26.972927660555452,
        "15": 27.158127153241956,
        "16": 27.301702112764925,
        "17": 27.45693013474748,
        "18": 27.62627782048406,
        "19": 27.783534913449675,
        "20": 27.967315171215986,
        "21": 28.163799530750996,
        "22": 28.348280030327874,
        "23": 28.499651406262373,
        "24": 28.611798028688174,
        "25": 28.75740940506394,
        "26": 28.8867931108217,
        "27": 29.018264976707666,
        "28": 29.15206477448747,
        "29": 29.248559217195254,
        "30": 29.342078904847842,
        "31": 29.43064277236526,
        "32": 29.50186793868606,
        "33": 29.574544623091413,
        "34": 29.66758547602473,
        "35": 29.753481439642005,
        "36": 29.83164813067462,
        "37": 29.906403116277748,
        "38": 29.989043506416113,
        "39": 30.06131951873367,
        "40": 30.126307332837904,
        "41": 30.207877030243743,
        "42": 30.27590139492138,
        "43": 30.33591470202884,
        "44": 30.387274574589085,
        "45": 30.438638571146374,
        "46": 30.492700306144922,
        "47": 30.555230862385518,
        "48": 30.60354232788086,
        "49": 30.651751466699547,
        "50": 30.698489949509906,
        "51": 30.741575279751338,
        "52": 30.802596324198955,
        "53": 30.84714109833176,
        "54": 30.895179026835674,
        "55": 30.942818087500495,
        "56": 30.985027003932643,
        "57": 31.03468907845987,
        "58": 31.078880477595973,
        "59": 31.119690328030973,
        "60": 31.15523924698701,
        "61": 31.19190654239139,
        "62": 31.22828651118923,
        "63": 31.259427972742028,
        "64": 31.294910134495915,
        "65": 31.328559823938317,
        "66": 31.36369247694273,
        "67": 31.40159697146029,
        "68": 31.436572203765046,
        "69": 31.476093562873633,
        "70": 31.513556016458047,
        "71": 31.55130373465048,
        "72": 31.586321431237298,
        "73": 31.621777366947484,
        "74": 31.654404498435355,
        "75": 31.68630587088095,
        "76": 31.715382047601647,
        "77": 31.74311354353621,
        "78": 31.769018044342864,
        "79": 31.794327529701025,
        "80": 31.816202498771048,
        "81": 31.838479750865215,
        "82": 31.85948069031174,
        "83": 31.8797568372778,
        "84": 31.8993143133215,
        "85": 31.918799490542025,
        "86": 31.93802279395026,
        "87": 31.956422457823884,
        "88": 31.9754104356508,
        "89": 31.99394851117521,
        "90": 32.01280967609303,
        "91": 32.031517093246045,
        "92": 32.050625955736315,
        "93": 32.06994649526235,
        "94": 32.088982543429815,
        "95": 32.10803031921387,
        "96": 32.125982722720586,
        "97": 32.14360810614921,
        "98": 32.16094448759749,
        "99": 32.178083368249844,
        "100": 32.19419878882331
    },
    "name": "/data/hmjung/result240518_test_2/240518_test_2_knights_vec_freq_with_relu_eval_interval_1",
    "depth": 8,
    "width": 256,
    "LF_mode": "vec",
    "datadir": "/data/hmjung/data_backup/NeuLF/dataset/stanford_half/knights",
    "lr": 4e-05,
    "dataset_name": "knights"
}