{
    "result": {
        "0": 0,
        "10": 19.8498032221923,
        "20": 21.34004786207869,
        "30": 23.565865980612266,
        "40": 24.421856789975553,
        "50": 24.964879976736533,
        "60": 25.323996350571917,
        "70": 25.577678680419922,
        "80": 25.80503405751409,
        "90": 25.950372347960602,
        "100": 26.064712550189043
    },
    "name": "/data/hmjung/result240518/240518_knights_vec_wire_encX",
    "depth": 8,
    "width": 256,
    "LF_mode": "vec",
    "datadir": "/data/hmjung/data_backup/NeuLF/dataset/stanford_half/knights",
    "lr": 4e-05,
    "dataset_name": "knights"
}