{
    "result": {
        "0": 0,
        "10": 27.745392129227923,
        "20": 29.675255981651514,
        "30": 30.853431353697907,
        "40": 31.531885959006644,
        "50": 32.03232140154452,
        "60": 32.49270522916639,
        "70": 32.8220450555956,
        "80": 33.056185761013545,
        "90": 33.29560614920951,
        "100": 33.466092315880026
    },
    "name": "/data/hmjung/result240518_test_2/240518_test_2_gem_vec_freq_and_sh_with_wire",
    "depth": 8,
    "width": 256,
    "LF_mode": "vec",
    "datadir": "/data/hmjung/data_backup/NeuLF/dataset/stanford_half/gem",
    "lr": 4e-05,
    "dataset_name": "gem"
}