{
    "result": {
        "0": 0,
        "1": 13.002875882226068,
        "2": 20.901899531080915,
        "3": 22.946880379238642,
        "4": 23.803368001370817,
        "5": 24.34113090102737,
        "6": 24.818004208642083,
        "7": 25.21079804446246,
        "8": 25.54746962882377,
        "9": 25.837242474427093,
        "10": 26.011034411353034,
        "11": 26.15562986683201,
        "12": 26.243931924974596,
        "13": 26.41310318096264,
        "14": 26.690357311351878,
        "15": 26.844443050590723,
        "16": 26.954733294409674,
        "17": 27.040650135761982,
        "18": 27.15063391505061,
        "19": 27.25297296369398,
        "20": 27.371201515197754,
        "21": 27.475361695160736,
        "22": 27.539472773268415,
        "23": 27.63176763379896,
        "24": 27.737083563933503,
        "25": 27.82044436480548,
        "26": 27.925800439473743,
        "27": 28.013446910961253,
        "28": 28.093891401548643,
        "29": 28.17444627349441,
        "30": 28.248902140436947,
        "31": 28.320331637923783,
        "32": 28.397982893763363,
        "33": 28.45860461930971,
        "34": 28.518988312901676,
        "35": 28.57167669244715,
        "36": 28.621367570516224,
        "37": 28.66758578532451,
        "38": 28.711329021969355,
        "39": 28.75286037857468,
        "40": 28.793550375345593,
        "41": 28.833578535028405,
        "42": 28.869291576179297,
        "43": 28.904919817640973,
        "44": 28.93857260008116,
        "45": 28.972851585697484,
        "46": 29.003299700247275,
        "47": 29.032977465036755,
        "48": 29.06068995192244,
        "49": 29.086392183561582,
        "50": 29.11254766825083,
        "51": 29.138304865038073,
        "52": 29.16385270453788,
        "53": 29.189727306365967,
        "54": 29.21547573965949,
        "55": 29.240956693082243,
        "56": 29.265570769438874,
        "57": 29.287144300099964,
        "58": 29.307130478523874,
        "59": 29.32604847727595,
        "60": 29.343324545267468,
        "61": 29.35951535766189,
        "62": 29.374582445299303,
        "63": 29.388787939741803,
        "64": 29.403465245221113,
        "65": 29.420027152912038,
        "66": 29.436304053744756,
        "67": 29.45212544621648,
        "68": 29.467098197421514,
        "69": 29.481019522692705,
        "70": 29.496966761511725,
        "71": 29.51404584420694,
        "72": 29.531076405499434,
        "73": 29.549150982418574,
        "74": 29.56797760886115,
        "75": 29.58686976819425,
        "76": 29.605952404640817,
        "77": 29.62440116985424,
        "78": 29.642391204833984,
        "79": 29.658936680974186,
        "80": 29.674836429389746,
        "81": 29.68986988067627,
        "82": 29.70411893483755,
        "83": 29.71781402020841,
        "84": 29.730905713261784,
        "85": 29.743431323283428,
        "86": 29.75556992195748,
        "87": 29.766892742466283,
        "88": 29.778240435832256,
        "89": 29.78933656537855,
        "90": 29.80001675116049,
        "91": 29.81049937170905,
        "92": 29.820378857689935,
        "93": 29.830134623759502,
        "94": 29.839460398699785,
        "95": 29.848282401626175,
        "96": 29.856771520666175,
        "97": 29.86474713763675,
        "98": 29.87244464255668,
        "99": 29.87990424439714,
        "100": 29.887384337347907
    },
    "name": "/data/hmjung/result240518_test_2/240518_test_2_gem_vec_freq_with_wire_d8w128",
    "depth": 8,
    "width": 128,
    "LF_mode": "vec",
    "datadir": "/data/hmjung/data_backup/NeuLF/dataset/stanford_half/gem",
    "lr": 4e-05,
    "dataset_name": "gem"
}