{
    "result": {
        "0": 0,
        "10": 14.556739942447559,
        "20": 14.556739942447559,
        "30": 14.556739942447559,
        "40": 14.556739942447559,
        "50": 14.556739942447559,
        "60": 14.556739942447559,
        "70": 14.556739942447559,
        "80": 14.556739942447559,
        "90": 14.556739942447559,
        "100": 14.556739942447559
    },
    "name": "/data/hmjung/result240518/240518_treasure_uvxy_freq_with_relu",
    "depth": 8,
    "width": 256,
    "LF_mode": "uvxy",
    "datadir": "/data/hmjung/data_backup/NeuLF/dataset/stanford_half/treasure",
    "lr": 4e-05,
    "dataset_name": "treasure"
}