{
    "result": {
        "0": 0,
        "10": 30.61248540878296,
        "20": 32.49069838910489,
        "30": 34.259509267033756,
        "40": 35.272469971631025,
        "50": 36.03869631483748,
        "60": 36.56304990923083,
        "70": 36.90780465667312,
        "80": 37.16857446206583,
        "90": 37.35981135754972,
        "100": 37.531901372445596
    },
    "name": "/data/hmjung/result240518/240518_gem_uvxy_freq_with_relu",
    "depth": 8,
    "width": 256,
    "LF_mode": "uvxy",
    "datadir": "/data/hmjung/data_backup/NeuLF/dataset/stanford_half/gem",
    "lr": 4e-05,
    "dataset_name": "gem"
}