{
    "result": {
        "0": 0,
        "10": 25.076831031490016,
        "20": 26.36511783342104,
        "30": 27.257172159246498,
        "40": 27.968334507297826,
        "50": 28.478727276260788,
        "60": 28.856227140168887,
        "70": 29.175115920401907,
        "80": 29.41174990422017,
        "90": 29.58463346635973,
        "100": 29.722304795239424
    },
    "name": "/data/hmjung/result240518/240518_treasure_uvxy_freq_with_wire",
    "depth": 8,
    "width": 256,
    "LF_mode": "uvxy",
    "datadir": "/data/hmjung/data_backup/NeuLF/dataset/stanford_half/treasure",
    "lr": 4e-05,
    "dataset_name": "treasure"
}