{
    "result": {
        "0": 0,
        "10": 29.298173414694297,
        "20": 31.303631743869268,
        "30": 32.730950407079746,
        "40": 33.53463720630955,
        "50": 34.106356646563555,
        "60": 34.78469236477001,
        "70": 35.22744926246437,
        "80": 35.49663608138626,
        "90": 35.793506325902165,
        "100": 36.01563795192821
    },
    "name": "/data/hmjung/result240518/240518_gem_vec_relu_encX",
    "depth": 8,
    "width": 256,
    "LF_mode": "vec",
    "datadir": "/data/hmjung/data_backup/NeuLF/dataset/stanford_half/gem",
    "lr": 4e-05,
    "dataset_name": "gem"
}