{
    "result": {
        "0": 0,
        "10": 24.960979835407155,
        "20": 26.17233031504863,
        "30": 26.999521835430247,
        "40": 27.632158962455957,
        "50": 28.06725347364271,
        "60": 28.47029331568125,
        "70": 28.785812145954853,
        "80": 29.12700620857445,
        "90": 29.38408916060989,
        "100": 29.567711288864547
    },
    "name": "/data/hmjung/result240518/240518_treasure_vec_freq_with_wire",
    "depth": 8,
    "width": 256,
    "LF_mode": "vec",
    "datadir": "/data/hmjung/data_backup/NeuLF/dataset/stanford_half/treasure",
    "lr": 4e-05,
    "dataset_name": "treasure"
}