{
    "result": {
        "0": 0,
        "10": 30.143578245833112,
        "20": 32.0175786920496,
        "30": 33.18231647079055,
        "40": 33.92770238824793,
        "50": 34.40957204715626,
        "60": 34.81460403751682,
        "70": 35.16827035594631,
        "80": 35.4072430327132,
        "90": 35.56910940118738,
        "100": 35.737073099291
    },
    "name": "/data/hmjung/result240518/240518_gem_uvxy_freq_with_wire",
    "depth": 8,
    "width": 256,
    "LF_mode": "uvxy",
    "datadir": "/data/hmjung/data_backup/NeuLF/dataset/stanford_half/gem",
    "lr": 4e-05,
    "dataset_name": "gem"
}