{
    "result": {
        "0": 0,
        "10": 21.64761726672833,
        "20": 22.715488030360294,
        "30": 23.457828301649826,
        "40": 23.8289658839886,
        "50": 24.098368057837853,
        "60": 24.35432580801157,
        "70": 24.547734627356895,
        "80": 24.690219989189735,
        "90": 24.779905172494743,
        "100": 24.8532667526832
    },
    "name": "/data/hmjung/result240522/240522_fern_teacher_uvxy_relu_encX",
    "depth": 8,
    "width": 256,
    "LF_mode": "uvxy",
    "datadir": "/data/hmjung/data_backup/gaussian-splatting/dataset/nerf_llff_data/fern_teacher",
    "lr": 4e-05,
    "dataset_name": "fern_teacher"
}